first_name,email,phone,code
York,yescot0@alexa.com,9047597433,RU
Benedikta,bcuesta1@senate.gov,9833113297,BR
Noby,niacovuzzi2@elegantthemes.com,5139503735,CN
Shandie,sobin3@fema.gov,6396620879,RU
Philippa,pfordham4@google.fr,3933857161,UA
Malissa,myankin5@businessweek.com,7601403631,UA
Lora,llemarquand6@webnode.com,6959316621,CZ
Berri,bfinicj7@wp.com,8693357066,CN
Lynnette,lbroe8@cargocollective.com,1339374196,RU
Edy,eperone9@apache.org,6952965645,ID
Adams,aprettejohnsa@vinaora.com,6947541009,CN
Andras,atoselandb@furl.net,4529331823,PH
Adler,acapstickc@dyndns.org,6168179430,NO
Ave,awemd@japanpost.jp,7482739001,CN
Lenci,lmacpharlaine@a8.net,3793326239,PH
Torre,tkynderf@google.com,6605204922,PT
Chen,cgoldthorpeg@example.com,3058275170,RU
Vladamir,vkasperskih@mayoclinic.com,6169992298,TH
Emmit,ebrocktoni@ycombinator.com,4249431384,PH
Olympie,obaguleyj@webnode.com,8228199134,CN
