Name,phone,email
Marianne Kinnen,5885054314,mkinnen0@salon.com
Guillema Joselevitch,5436619540,gjoselevitch1@icio.us
Sandi Dirkin,6848691726,sdirkin2@zdnet.com
Bridget Crenshaw,9823451636,bcrenshaw3@com.com
Alanson Cabrara,5278414500,acabrara4@php.net
Haley Everly,2553765597,heverly5@thetimes.co.uk
Barnabe Brundill,4376854467,bbrundill6@cisco.com
Arluene Ricardot,9496728342,aricardot7@sakura.ne.jp
Bartholomeo Fishburn,6864741467,bfishburn8@indiegogo.com
Si Liveing,1329894178,sliveing9@mtv.com
Edi Vigours,7472689563,evigoursa@reference.com
Maxy Jeffes,1074172669,mjeffesb@fastcompany.com
Jillene Chave,2088901460,jchavec@histats.com
Denis Moohan,5599839430,dmoohand@1688.com
Caz Raggles,8324275646,cragglese@japanpost.jp
Pier Moorcraft,2143709673,pmoorcraftf@photobucket.com
Cindelyn Very,2648625150,cveryg@drupal.org
Elnar Abisetti,1085546572,eabisettih@godaddy.com
Gaylord Simonato,2802428203,gsimonatoi@zimbio.com
Martie Dan,3308555061,mdanj@scribd.com
